sinonimo;autor;aceptado2;aceptado;;
Amblystegium riparium;(Hedw.) B.S.G.;Leptodictyum riparium (Hedw.) Warnst.;Leptodictyum riparium;;
Calliergon trifarium;(Web & Mohr) Kindl.;Pseudocalliergon trifarium (F. Weber & D. Mohr) Loeske;Pseudocalliergon trifarium;;
Campyliadelphus chrysophyllus;(Brid.) R.S. Chopra;Campyliadelphus chrysophyllus (Brid.) Lange;Campyliadelphus chrysophyllus;;
Campylium stellatum;(Hedw.) C. E. O. Jensen;Campyliadelphus stellatus (Hedw.) Kanda;Campyliadelphus stellatus;;
Campylium hispidulum;(Brid.) Hedenäs;Campylophyllum sommerfeltii (Myrin) Hedenäs;Campylophyllum sommerfeltii;;
Drepanocladus exannulatus;(Schimp.) Warnst. ;Warnstorfia exannulata (Schimp.) Loeske;Warnstorfia exannulata;;
Hygroamblystegium meridense;E. B. Bartram ;Cratoneuron filicinum (Hedw.) Spruce;Cratoneuron filicinum;;
Hygrohypnum reduncum;(Mitt.) N. Nishim ;Mittenothamnium reduncum (Schimp. ex Mitt.) Ochyra;Mittenothamnium reduncum;;
Sarmentypnum sarmentosum;(Wahlenb.) Tuom. & T.J. Kop.;Warnstorfia sarmentosa (Wahlenb.) Hedenäs;Warnstorfia sarmentosa;;
Aulacomnium venezuelanum;Mitt.;Aulacomnium palustre (Hedw.) Schwägr.;Aulacomnium palustre;;
Bartramia integrifolia;(Taylor) A. Jaeger;Breutelia integrifolia (Taylor) A. Jaeger;Breutelia integrifolia;;
Bartramia flavicans;Mitt.;Bartramia brevifolia Brid.;Bartramia brevifolia;;
Bartramia secunda;Dozy & Molk.;Philonotis mollis (Dozy & Molk.) Mitt.;Philonotis mollis;;
Bartramia tomentosa;(Sw. ex Brid.) Brid.;Breutelia tomentosa (Sw. ex Brid.) A. Jaeger;Breutelia tomentosa;;
Conostomum jamesonii ;(Taylor) Steere ;Bartramia humilis Mitt.;Bartramia humilis;;
Bartramidula fendleri ;(Müll. Hal.) Paris ;Philonotis fendleri (Müll. Hal.) D.G. Griffin & W.R. Buck;Philonotis fendleri;;
Philonotis nana ;(Müll. Hal.) D.G. Griffin & W.R. Buck;Bartramidula nana (Müll. Hal.) Paris ;Bartramidula nana;;
Philonotis crassinervia  ;Broth y Paris ;Philonotis uncinata (Schwaegr.) Brid.;Philonotis uncinata;;
Philonotis elegantula subsp. moritziana ;(Hampe) Dism.;Philonotis moritziana (Hampe) A. Jaeger;Philonotis moritziana;;
Philonotis radicalis ;Brid.  ;Philonotis longiseta (Michx.) E. Britton;Philonotis longiseta;;
Philonotis revoluta ;Bosch & Sande Lac;Philonotis thwaitesii Mitt.;Philonotis thwaitesii;;
Philonotis tenella ;(Brid.) A. Jaeger;Philonotis glaucescens (Hornsch.) Broth.;Philonotis glaucescens;;
Brachythecium stereopoma ;(Spruce ex Mitt.) A. Jaeger, Ber. Thätigk;Brachythecium ruderale (Brid.) Buck;Brachythecium ruderale;;
Eurhynchium riparioides ;(Hedw.) P.W. Richards ;Platyhypnidium riparioides (Hedw.) Dixon;Platyhypnidium riparioides;;
Homalothecium leskeoides ;(Hook.) Robins.;Palamocladium leskeoides (Hook.) E. Britton;Palamocladium leskeoides;;
Oxyrrhynchium clinocarpum ;(Taylor) Broth. ;Eurhynchium clinocarpum (Taylor) Paris;Eurhynchium clinocarpum;;
Palamocladium bonplandii ;Broth. ;Palamocladium leskeoides (Hook.) E. Britton;Palamocladium leskeoides;;
Pleuropus bonplandii ;(Hook.) Broth;Palamocladium leskeoides (Hook.) E. Britton;Palamocladium leskeoides;;
Rhynchostegium argute-serratum ;Bartr.;Steerecleus argute-serratus (E.B. Bartram) H. Rob.;Steerecleus argute-serratus;;
Rhynchostegium scariosum ;(Taylor) A. Jaeger;Steerecleus scariosus (Taylor) H. Rob.;Steerecleus scariosus;;
Rhynchostegium serrulatum;(Taylor) A. Jaeger ;Steerecleus serrulatus (Hedw.) H. Rob.;Steerecleus serrulatus;;
Stokesiella praelonga;(Hedw.) Robins;Eurhynchium praelongum (Hedw.) Schimp.;Eurhynchium praelongum;;
Anomobryum filiforme;(Dicks.) Husn.;Anomobryum julaceum (Schrad. ex P. Gaertn., B. Mey. & Scherb.) Schimp.;Anomobryum julaceum;;
Brachymenium globosum ;Jaeg.;Brachymenium columbicum (De Not.) Broth.;Brachymenium columbicum;;
Brachymenium smaragdinum ;(Müll. Hal.) A. Jaeger ;Brachymenium exile (Dozy & Molk.) Bosch & Sande Lac.;Brachymenium exile;;
Bryum andicola ;Hook;Rosulabryum billarderi (Schwägr.) J.R. Spence;Rosulabryum billarderi;;
Bryum angustirete var. compactum ;(Hornsch.) Wijk & Margad. ;Bryum algovicum Sendtn ex Müll.;Bryum algovicum;;
Rhodobryum aubertii ;(Schwägr.) Thér. ;Bryum aubertii (Schwägr.) Thér.;Bryum aubertii;;
Bryum biforme ;R.S Williams;Bryum lepto-torquescens Müll. Hal. ex Broth.;Bryum lepto-torquescens;;
Bryum capillare ;Hedw.;Rosulabryum capillare (Hedw.) J.R. Spence;Rosulabryum capillare;;
Bryum chrysoblastum; C. Müll.;Bryum subapiculatum Hampe;Bryum subapiculatum;;
Bryum congestum ;Mitt.;Bryum caespiticium Hedw.;Bryum caespiticium;;
Anomobryum conicum ;(Hornsch.) Broth. ;Bryum conicum Hornsch.;Bryum conicum;;
Bryum fendleri ;C. Müll;Bryum radiculosum Brid.;Bryum radiculosum;;
Bryum flexisetum; Mitt;Bryum pallescens Schleich. ex Schwägr.;Bryum pallescens;;
Bryum genucaule ;C. Müll;Rosulabryum billarderi (Schwägr.) J.R. Spence;Rosulabryum billarderi;;
Rhodobryum grandifolium; (Taylor) Schimp.;Bryum grandifolium (Tayl.) C. Muell.;Bryum grandifolium;;
Bryum lansbergii; Dozy & Molk.;Bryum apiculatum Schwägr.;Bryum apiculatum;;
Bryum leptoloma ;Müll. Hal.;Rosulabryum capillare (Hedw.) J.R. Spence;Rosulabryum capillare;;
Bryum leucurum ;Müll. Hal.;Bryum argenteum Hedw.;Bryum argenteum;;
Bryum micropendulum; Müll. Hal.;Bryum subapiculatum Hampe;Bryum subapiculatum;;
Bryum mnioides ;J.F. Gmel. ex With. ;Bryum limbatum Müll;Bryum limbatum;;
Anomobryum prostratum ;(Müll. Hal.) Besch. ;Bryum prostratum C. Muell.;Bryum prostratum;;
Bryum stenopyxis ;Müll. Hal.;Bryum argenteum Hedw.;Bryum argenteum;;
Bryum valenciae ;C. Müll.;Bryum subapiculatum Hampe;Bryum subapiculatum;;
Mielichhoferia andina ;Sull. ;Schizymenium andinum (Sull.) A.J. Shaw;Schizymenium andinum;;
Mielichhoferia bogotensis ;Hampe ;Schizymenium bogotense (Hampe) A.J. Shaw;Schizymenium bogotense;;
Mielichhoferia graciliseta ;(Hampe) Mitt. ;Schizymenium gracilisetum (Hampe) A.J. Shaw;Schizymenium gracilisetum;;
Mielichhoferia pusilla; (Hook. f. & Wilson) Mitt. ;Schizymenium pusillum (Hook. F & Wilson) A.J. Shaw;Schizymenium pusillum;;
Mniobryum wahlenbergii ;(Web & Mohr.) Jenn.;Pohlia wahlenbergii (F. Weber & D. Mohr) A.L. Andrews;Pohlia wahlenbergii;;
Pohlia spectabilis ;(C.M.) Broth.;Pohlia elongata Hedw.;Pohlia elongata;;
Rhodobryum procerum ;(Schimp.) Paris ;Bryum procerum Schimp.;Bryum procerum;;
Orthodontium fendleri ;Müll. Hal.;Orthodontium pellucens (Hook.) Bruch & Schimp.;Orthodontium pellucens;;
Webera fendleri ;(Müll. Hal.) Broth;Diphyscium fendleri Müll. Hal.;Diphyscium fendleri;;
Webera papillosa; (Müll. Hal. ex A. Jaeger) Herzog;Pohlia papillosa (A. Jaeger) Broth.;Pohlia papillosa;;
Stereophyllum cultelliforme; (Sull.) Mitt. ;Eulacophyllum cultelliforme (Sullivant) Buck & Ireland;Eulacophyllum cultelliforme;;
Calymperes donnellii ;Aust.;Calymperes afzelii Sw. Jahrb.;Calymperes afzelii;;
Calymperes richardii ;C. Müll.;Calymperes palisotii Schwägr;Calymperes palisotii;;
Syrrhopodon bernoullii ;Müll. Hal.;Syrrhopodon incompletus var. incompletus ;Syrrhopodon incompletus var. incompletus;;
Syrrhopodon compactulus ;Müll. Hal. ;Syrrhopodon prolifer Schwägr.;Syrrhopodon prolifer;;
Syrrhopodon cylindrothecius ;Müll. Hal.;Syrrhopodon prolifer var. acanthoneuros (Müll. Hal.) Müll. Hal.;Syrrhopodon prolifer var. acanthoneuros;;
Syrrhopodon epapillosus; Müll. Hal. ;Syrrhopodon prolifer var. acanthoneuros (Müll. Hal.) Müll. Hal.;Syrrhopodon prolifer var. acanthoneuros;;
Syrrhopodon macroprolifer ;Müll. Hal. ;Syrrhopodon prolifer var. acanthoneuros (Müll. Hal.) Müll. Hal.;Syrrhopodon prolifer var. acanthoneuros;;
Syrrhopodon papillosus; Müll. Hal. ;Syrrhopodon prolifer var. scaber Schwägr. (Mitt.) W. D. Reese;Syrrhopodon prolifer var. scaber;;
Syrrhopodon rubiginosus ;Mitt. ;Calymperes rubiginosum (Mitt.) W.D. Reese;Calymperes rubiginosum;;
Acrocryphaea caripensis ;(Müll. Hal.) Hampe;Schoenobryum caripense (Müll. Hal.) Manuel;Schoenobryum caripense;;
Acrocryphaea gardneri ;Mitt. Jaeg.;Schoenobryum concavifolium (Griff.) Gangulee;Schoenobryum concavifolium;;
Cryphaea fasciculosa ;Mitt. ;Cryphaea ramosa (Mitt.) Wilson;Cryphaea ramosa;;
Cryphaea reticulata ;Besch.;Cryphaea jamesonii Taylor;Cryphaea jamesonii;;
Cryphaea pinnata ;Schimp. ;Sphaerotheciella pinnata (Schimp.) Manuel;Sphaerotheciella pinnata;;
Callicosta andersonii; (Crosby) Crosby ;Pilotrichum andersonii Crosby;Pilotrichum andersonii;;
Callicosta fendleri ;(Müll. Hal.) Crosby ;Pilotrichum fendleri Müll. Hal.;Pilotrichum fendleri;;
Callicosta longicaulis; (Broth.) Crosby;Pilotrichum longicaule Broth.;Pilotrichum longicaule;;
Callicosta ramosissima ;(Mitt.) Crosby ;Pilotrichum ramosissimum Mitt.;Pilotrichum ramosissimum;;
Daltonia fendleri ;Müll. Hal;Daltonia stenophylla Mitt.;Daltonia stenophylla;;
Eriopus setigerus ;Mitt;Calyptrochaeta setigera (Mitt.) W.R. Buck;Calyptrochaeta setigera;;
Lepidopilum aureofulvum ;Müll. Hal.;Lepidopilum longifolium Hampe;Lepidopilum longifolium;;
Lepidopilum goniothecium ;Müll. Hal.;Lepidopilum muelleri (Hampe) Hampe;Lepidopilum muelleri;;
Lepidopilum mnioides ;Müll. Hal.;Lepidopilum polytrichoides (Hedw.) Brid.;Lepidopilum polytrichoides;;
Lepidopilum purpurascens; Schimp. ex Besch.;Lepidopilum scabrisetum (Schwägr.) Steere;Lepidopilum scabrisetum;;
Lepidopilum subenerve ;Brid. ;Lepidopilum scabrisetum (Schwägr.) Steere;Lepidopilum scabrisetum;;
Lepidopilum subpolytrichoides ;Müll. Hal.;Lepidopilum polytrichoides (Hedw.) Brid.;Lepidopilum polytrichoides;;
Leskeodon elongatus ;(Mitt.) S. P. Churchill & E. Linares C. ;Leskeodon cubensis (Mitt.) Thér.;Leskeodon cubensis;;
Campylopus annotinus ;Mitt.;Campylopus heterostachys (Hampe) A. Jaeger;Campylopus heterostachys;;
Campylopus atratus ;Broth.;Campylopus richardii Brid.;Campylopus richardii;;
Campylopus benedictii ;Herzog;Campylopus reflexisetus (Müll.Hal) Broth;Campylopus reflexisetus;;
Campylopus breweri ;E.B. Bartram;Campylopus areodictyon (Müll. Hal.) Mitt.;Campylopus areodictyon;;
Campylopus bolivarensis ;Bartr.;Campylopus cuspidatus var. cuspidatus (Hornsch) Mitt.;Campylopus cuspidatus var. cuspidatus;;
Campylopus caracasanus ;(Müll. Hal.) Paris;Campylopus richardii Brid.;Campylopus richardii;;
Campylopus chrismarii ;(Müll. Hal.) Mitt.;Campylopus nivalis (Brid.) Brid.;Campylopus nivalis;;
Campylopus chrysodictyon; (Hampe) Mitt.;Campylopus pauper var. pauper ;Campylopus pauper var. pauper;;
Campylopus crispicoma; (Müll. Hal.) A. Jaeger;Campylopus arctocarpus var. artocarpus;Campylopus arctocarpus var. artocarpus;;
Campylopus erectus ;(Müll. Hal.) Mitt ;Campylopus pilifer var. pilifer;Campylopus pilifer var. pilifer;;
Campylopus exaltatus ;(Müll. Hal.) Paris;Campylopus lamellinervis var. exaltatus (C. Müll) J-P Frahm;Campylopus lamellinervis var. exaltatus;;
Campylopus falcatulus ;E.B. Bartram;Campylopus arctocarpus var. caldensis (Aongstroem) J.-P. Frahm;Campylopus arctocarpus var. caldensis;;
Campylopus fendleri ;(Müll. Hal.) Paris;Campylopus pauper var. pauper ;Campylopus pauper var. pauper;;
Campylopus filifolius ;(Hornsch.) Mitt.;Bryohumbertia filifolia (Hornsch.) J.-P. Frahm;Bryohumbertia filifolia;;
Campylopus fulvus ;(Hook.) Kindb. ;Campylopus anderssonii (Müll. Hal.) A. Jaeger;Campylopus anderssonii;;
Campylopus hoffmannii ;(Müll. Hal.) Renauld & Cardot;Campylopus cuspidatus (Hornsch.) Mitt.;Campylopus cuspidatus;;
Campylopus lamprodictyon ;(Hampe) Mitt. ;Campylopus pauper var. lamprodictyum ;Campylopus pauper var. lamprodictyum;;
Campylopus leucognodes; (C. Muell) Par;Campylopus argyrocaulon (Müll. Hal.) Broth.;Campylopus argyrocaulon;;
Campylopus leucogaster ;(Müll. Hal.) Mitt.;Microcampylopus leucogaster (Müll. Hal.) B.H. Allen;Microcampylopus leucogaster;;
Campylopus porphyreocaulis ;(Müll. Hal.) Paris ;Campylopus heterostachys (Hampe) A. Jaeger;Campylopus heterostachys;;
Campylopus praealtus ;(Müll. Hal.) Paris ;Campylopus subcuspidatus (Hampe) A. Jaeger;Campylopus subcuspidatus;;
Campylopus sprucei ;Mitt.;Campylopus savannarum (Müll. Hal.) Mitt.;Campylopus savannarum;;
Campylopus trichophorus ;Hampe ex Herzog ;Campylopus asperifolius Mitt.;Campylopus asperifolius;;
Campylopus tunariensis ;Herzog ;Campylopus fragilis (Bridel) Bruch & Schimpes;Campylopus fragilis;;
Campylopodium fendleri; (Müll. Hal.) Paris ;Microcampylopus leucogaster (Müll. Hal.) B.H. Allen;Microcampylopus leucogaster;;
Dicranella campylophylla ;(Taylor) A. Jaeger ;Anisothecium campylophyllum (Taylor) Mitt.;Anisothecium campylophyllum;;
Dicranella herminieri ;Besch. ;Dicranella hilariana (Mont.) Mitt.;Dicranella hilariana;;
Dicranella hookeri ;(Müll. Hal.) Cardot ;Anisothecium hookeri (Müll. Hal.) Broth.;Anisothecium hookeri;;
Dicranella vaginata ;(Hook.) Cardot ;Anisothecium vaginatum (Hook.) Mitt.;Anisothecium vaginatum;;
Dicranodontium meridionale ;Bartram ;Dicranodontium pulchroalare Broth.;Dicranodontium pulchroalare;;
Dicranum zygodonticarpum ;Müll. Hal. ;Campylopus zygodonticarpus (Mull) Paris;Campylopus zygodonticarpus;;
Leucoloma asperrimum; (Müll. Hal.) Kindb.;Leucoloma cruegerianum (Mull) Jaeg.;Leucoloma cruegerianum;;
Leucoloma mollissimum ;Mitt.;Leucoloma serrulatum Brid.;Leucoloma serrulatum;;
Microcampylopus curvisetus ;(Hamp) Giese & J-P Frahm;Microcampylopus leucogaster (Müll. Hal.) B.H. Allen;Microcampylopus leucogaster;;
Microdus barbensis; (Renauld & Cardot) Broth. ;Dicranella barbensis Renauld & Cardot;Dicranella barbensis;;
Microdus brasiliensis; (Duby) Thér ;Dicranella pomiformis (Griff.) A. Jaeger;Dicranella pomiformis;;
Microdus densus ;(Hook.) Besch. ;Dicranella densa (Hook.) Mitt.;Dicranella densa;;
Microdus globicarpus; (Müll. Hal.) Paris ;Dicranella globicarpa (Müll. Hal.) Broth.;Dicranella globicarpa;;
Microdus lindigianus ;(Hampe.) Besch;Dicranella lindigiana (Hampe) Mitt.;Dicranella lindigiana;;
Metzleria longiseta ;(Hook.) Broth. ;Atractylocarpus longisetus (Hook.) E. B. Bartram;Atractylocarpus longisetus;;
Metzlerella longiseta ;(Hook.) Broth.;Atractylocarpus longisetus (Hook.) E. B. Bartram;Atractylocarpus longisetus;;
Mniobryum wahlenbergii ;(Web. & Mohr.) Jenn.;Pohlia wahlenbergii (F. Weber & D. Mohr) A.L. Andrews;Pohlia wahlenbergii;;
Cheilothela vaginata ;Robins. ;Dicranella cardotii (R. Br. bis) Dixon;Dicranella cardotii;;
Didymodon paramicola; (H. Rob.) O. Werner, J.A. Jimenez & Ros;Kingiobryum paramicola H. Rob. ;Kingiobryum paramicola;;
Ditrichum cylindricum ;(Hedw.) Grout ;Trichodon cylindricus (Hedw.) Schimp.;Trichodon cylindricus;;
Ditrichum rufescens ;(Hampe) Hampe ;Ditrichum difficile (Duby) M. Fleisch;Ditrichum difficile;;
Ditrichum venezuelanum ;Griffin;Ditrichum bogotense (Hampe) Broth.;Ditrichum bogotense;;
Micromitrium maracaibense ;Broth.;Groutiella maracaibensis (Broth.) B.H. Allen & Goffinet;Groutiella maracaibensis;;
Erpodium biseriatum ;(Austin) Austin  ;Solmsiella biseriata (Austin) Steere;Solmsiella biseriata;;
!Macromitrium hymenostomum ;Mont.;Macrocoma sullivantii (Müll. Hal.) Grout;Macrocoma sullivantii;;
Campylodontium onustum; (Hampe) Jaeg.;Mesonodon flavescens (Hook.) W.R. Buck;Mesonodon flavescens;;
Mesonodon onustus ;Hampe;Mesonodon flavescens (Hook.) W.R. Buck;Mesonodon flavescens;;
Bryosedgwickia pallidissima ;(C.Müll.) Biz. Ex P. Varde;Platygyriella densa (Hook.) W. R: Buck;Platygyriella densa;;
Entodon aurescens ;Hampe;Entodon jamesonii (Taylor) Mitt.;Entodon jamesonii;;
Rozea bourgaeana ;Besh.;Rozea andrieuxii (Müll. Hal.) Besch.;Rozea andrieuxii;;
Rozea chrysea ;Besch. ;Rozea andrieuxii (Müll. Hal.) Besch.;Rozea andrieuxii;;
Campylodontium onustum; (Hampe) A. Jaeger;Mesonodon flavescens (Hook.) W.R. Buck;Mesonodon flavescens;;
Fissidens caripensis; (Hampe & Müll. Hal.) Paris ;Fissidens zollingeri Mont.;Fissidens zollingeri;;
Fissidens diplodus ;Mitt.;Fissidens lagenarius var. muriculatus (Spruce ex Mitt.) Pursell;Fissidens lagenarius var. muriculatus;;
Fissidens mollis ;Mitt.;Fissidens flaccidus Mitt.;Fissidens flaccidus;;
Fissidens papillosulus ;Sande Lac. ;Fissidens elegans Brid.;Fissidens elegans;;
Fissidens validicostatus ;Sull. ex Müll. Hal.;Fissidens subulatus Mitt.;Fissidens subulatus;;
Fissidens repandus ;Wils.;Fissidens crispus Mont.;Fissidens crispus;;
Fissidens trachelyma; (Sull.) Broth. ;Fissidens serratus Müll. Hal.;Fissidens serratus;;
Fissidens semimarginatus ;C. Müll.;Fissidens submarginatus Bruch;Fissidens submarginatus;;
Fissidens reticulosus ;(Müll. Hal.) Mitt. ;Fissidens palmatus Hedw;Fissidens palmatus;;
Fissidens moritzianus ;C. Müll;Fissidens submarginatus Bruch;Fissidens submarginatus;;
Fissidens minutus ;Thwaites & Mitt. ;Fissidens pallidinervis Mitt.;Fissidens pallidinervis;;
Fissidens kegelianus ;Müll. Hal. ;Fissidens zollingeri Mont.;Fissidens zollingeri;;
Fissidens fendleri; C. Müll;Fissidens crispus Mont.;Fissidens crispus;;
Fissidens intermedius ;Müll. Hal. ;Fissidens submarginatus Bruch;Fissidens submarginatus;;
Fissidens goebelii ;C. Müll;Fissidens anguste-limbatus Mitt.;Fissidens anguste-limbatus;;
Fissidens pellucidus var. pellucidus;;Fissidens pellucidus Hornsch;Fissidens pellucidus;;
Fissidens pennula ;Broth.;Fissidens anguste-limbatus Mitt.;Fissidens anguste-limbatus;;
Fissidens vardei ;Thér;Fissidens serratus Müll. Hal.;Fissidens serratus;;
Fissidens ceracruzensis ;Pursell ;Fissidens goyazensis Broth.;Fissidens goyazensis;;
Funaria acutifolia; (Hampe) Broth.;Entosthodon obtusifolius Hook.f.;Entosthodon obtusifolius;;
Funaria calvescens ;Schwägr. ;Funaria hygrometrica Hedw;Funaria hygrometrica;;
Grimmia ovata ;F. Weber & D. Mohr;Grimmia ovalis (Hedw.) Lindb.;Grimmia ovalis;;
Hookeria bipinnata var. caracasana ;Hampe;Pilotrichum longicaule Broth.;Pilotrichum longicaule;;
Hookeria leptorrhyncha ;Hook. & Grev.;Hypnella leptorrhyncha (Hook. & Grev.) A. Jaeger;Hypnella leptorrhyncha;;
Hookeriopsis acicularis ;(Mitt.) A. Jaeger;Thamniopsis undata (Hedw.) W. R. Buck;Thamniopsis undata;;
Hookeriopsis cruegeriana; (C. Muell.) Jaeg;Thamniopsis cruegeriana (Müll. Hal.) W. R. Buck;Thamniopsis cruegeriana;;
Hookeriopsis guadalupensis ;(Spreng.) A. Jaeger ;Trachyxiphium guadalupense (Spreng. ) Buck.;Trachyxiphium guadalupense;;
Hookeriopsis incurva; (Hornsch.) Broth.;Thamniopsis incurva (Hornsch.) W. R. Buck;Thamniopsis incurva;;
Hookeriopsis obtusifolia ;E.B. Bartram ;Brymela obtusifolia (E.B. Bartram) W.R. Buck;Brymela obtusifolia;;
Hookeriopsis parkeriana ;(Hook. & Grev.) A. Jaeger ;Brymela parkeriana (Hook. & Grev.) W.R. Buck;Brymela parkeriana;;
Hookeriopsis pernutans ;(Müll. Hal.) Broth. ;Trachyxiphium pernutans (Müll. Hal.) W. R. Buck;Trachyxiphium pernutans;;
Hookeriopsis plumicaulis ;(Müll. Hal.) Broth. ;Isopterygium plumicaule (Müll. Hal.) W.R. Buck;Isopterygium plumicaule;;
Hookeriopsis subfalcata ;(Hampe) A. Jaeger ;Trachyxiphium subfalcatum (Hampe) W.R. Buck;Trachyxiphium subfalcatum;;
Hookeriopsis undata; (Hedw.) A. Jaeger;Thamniopsis undata (Hedw.) W. R. Buck;Thamniopsis undata;;
!Lepidopilidium purpurissatum ;(Müll. Hal.) Broth. ;Lepidopilum scabrisetum (Schwägr.) Steere;Lepidopilum scabrisetum;;
Schizomitrium bernoullii; (Hampe) F.D. Bowers ;Callicostella bernoullii (Hampe) Broth.;Callicostella bernoullii;;
Schizomitrium mexicanum ;(H. Rob. & W.H. Welch) F.D. Bowers ;Callicostella mexicana H. Rob. & W.H. Welch;Callicostella mexicana;;
Schizomitrium pallidum ;(Hornsch.) H. A.Crom & L. E. Anderson;Callicostella pallida (Hornsch.) Ångstr.;Callicostella pallida;;
Schizomitrium rufescens; (Mitt.) J. Florsch. ;Callicostella rufescens (Mitt.) A. Jaeger;Callicostella rufescens;;
Ectropothecium globitheca ;(C. Müll.) Mitt. ;Ectropothecium leptochaeton (Schwägr.) W.R. Buck;Ectropothecium leptochaeton;;
Isopterygium subtenerrimum ;(Müll. Hal.) Paris ;Isopterygium affusum Mitt.;Isopterygium affusum;;
Glossadelphus truncatulus; (Müll. Hal.) M. Fleisch. ;Phyllodon truncatulus (Müll. Hal.) W.R. Buck;Phyllodon truncatulus;;
Hypnella philonotula ;(Müll. Hal.) Kindb. ;Hypnella leptorrhyncha (Hook. & Grev.) A. Jaeger;Hypnella leptorrhyncha;;
Hypnella pilotrichelloides ;Broth. ;Hypnella diversifolia (Mitt.) A. Jaeger;Hypnella diversifolia;;
Hypnum mirabile ;Bartr.;Hypnum cupressiforme var. lacunosum Brid.;Hypnum cupressiforme var. lacunosum;;
Hypnum polypterum ;(Mitt.) Broth. ;Caribaeohypnum polypterum (Mitt.) Ando & Higuchi;Caribaeohypnum polypterum;;
Isopterygium alstonii ;E.B. Bartram ;Wijkia alstonii (E.B. Bartram) Ireland;Wijkia alstonii;;
Isopterygium robusticaule ;E.B. Bartram ;Irlandiaia robusticaulis (E.B. Bartram) W.R. Buck;Irlandiaia robusticaulis;;
Isopterygium subtenerum ;Besch;Isopterygium tenerum (Sw.) Mitt.;Isopterygium tenerum;;
Microthamnium diminutivum ;(Hampe) A. Jaeger;Chryso-hypnum diminutivum (Hampe) W. R. Buck;Chryso-hypnum diminutivum;;
Microthamnium langsdorffii; (Hook.) Mitt.;Mittenothamnium langsdorffii (Hook.) Cardot;Mittenothamnium langsdorffii;;
Microthamnium nanopolymorphum ;(Müll. Hal.) Broth.;Mittenothamnium nanopolymorphum (Müll. Hal.) Cardot;Mittenothamnium nanopolymorphum;;
Microthamnium reptans ;(Hedw.) Mitt.;Mittenothamnium reptans (Hedw.) Cardo;Mittenothamnium reptans;;
Microthamnium reptans ;(Hedw.) Mitt.;Mittenothamnium subobscurum (Hampe) Cardot;Mittenothamnium subobscurum;;
Microthamnium thelistegum; (Müll. Hal.) Mitt.;Chryso-hypnum diminutivum (Hampe) W. R. Buck;Chryso-hypnum diminutivum;;
Microthamnium viscidulum ;(Hampe) Mitt.;Mittenothamnium viscidulum (Hampe) Cardot;Mittenothamnium viscidulum;;
Microthamnium volvatum ;(Hampe) A. Jaeger;Mittenothamnium volvatum (Hampe) Cardot;Mittenothamnium volvatum;;
Mittenothamnium elegantulum ;(Hook.) Cardot ;Chryso-hypnum elegantulum (Hook.) Hampe;Chryso-hypnum elegantulum;;
Mnium ligulatum ;Willd. ex Brid.;Plagiomnium undulatum (Hedw.) T.J. Kop.;Plagiomnium undulatum;;
Stereodon hamatus ;Mitt.;Pylaisiella falcata Schimp.;Pylaisiella falcata;;
Hypopterygium flavescens ;Hampe;Hypopterigium tamarisci (Sw.) Brid.;Hypopterigium tamarisci;;
Hypopterygium laricinum; (Hook.) Brid.;Hypopterigium tamarisci (Sw.) Brid.;Hypopterigium tamarisci;;
Pseudocryphaea flagellifera ;(Brid.) Britt.;Pseudocryphaea domingensis (Spreng.) W. R. Buck;Pseudocryphaea domingensis;;
Lepyrodon suborthostichus ;(Müll. Hal.) Hampe;Lepyrodon tomentosus (Hook.) Mitt.;Lepyrodon tomentosus;;
Lepyrodon trichophyllus ;(Sw. ex Hedw.) Mitt.;Lepyrodontopsis trichophylla (Sw. ex Hedw.) Broth.;Lepyrodontopsis trichophylla;;
Leskea gracillima; (Taylor) Mitt.;Leskea angustata Taylor;Leskea angustata;;
Leucodon domingensis ;(Spreng.) Mitt.;Pseudocryphaea domingensis (Spreng.) W. R. Buck;Pseudocryphaea domingensis;;
Leucodontopsis floridana ;(Austin) E. Britton;Henicodium geniculatum (Mitt.) W. R. Buck;Henicodium geniculatum;;
Leucomium cuspidatum; (Müll. Hal.) A. Jaeger ;Leucomium strumosum (Hornsch.) Mitt.;Leucomium strumosum;;
Leucomium lignicola; Spruce ex Mitt. ;Leucomium strumosum (Hornsch.) Mitt.;Leucomium strumosum;;
Carinafolium tatei ;R.S. Williams;Octoblepharum tatei (R. S. Williams) E. B. Bartram;Octoblepharum tatei;;
Leucobryum longifolium; Hampe;Leucobryum giganteum Müll Hal;Leucobryum giganteum;;
Groutiella schlumbergeri ;(Schimp.) Wijk & Margad. ;Groutiella tomentosa (Hornsch.) Wijk & Margad.;Groutiella tomentosa;;
Macromitrium dussii ;Broth. in Urban ;Macromitrium leprieurii Mont.;Macromitrium leprieurii;;
Macromitrium schwaneckeanum ;Hampe ;Macromitrium cirrosum (Hedw.) Brid.;Macromitrium cirrosum;;
Zygodon dichotomous ;Hampe;Zygodon peruvianus Sull.;Zygodon peruvianus;;
Floribundaria usneoides ;(Broth.) Broth.;Floribundaria flaccida (Mitt.) Broth.;Floribundaria flaccida;;
Lindigia trichomitria; Müll. Hal.;Aerolindigia capillacea (Hornsch.) M. Menzel;Aerolindigia capillacea;;
Meteoriopsis patula ;(Hedw.) Broth.;Zelometeorium patulum (Hook.) Manuel;Zelometeorium patulum;;
Meteoriopsis remotifolia ;(Müll. Hal.) Broth.;Meteoridium remotifolium (Müll. Hal.) Manuel;Meteoridium remotifolium;;
Meteoriopsis recurvifolia ;(Hornsch.) Broth.;Zelometeorium patulum (Hook.) Manuel;Zelometeorium patulum;;
Meteoriopsis tovariensis; (Müll. Hal.) Broth.;Zelometeorium patens (Hook.) Manuel;Zelometeorium patens;;
Meteorium pseudosinuatum ;(Müll. Hal.) Broth. ;Meteorium sinuatum (Müll. Hal.) Mitt.;Meteorium sinuatum;;
Papillaria penicillata; (Dozy & Molk.) Broth.;Cryptopapillaria penicillata (Dozy & Molk.) M. Menzel;Cryptopapillaria penicillata;;
Papillaria denticulata ;(Mitt.) A. Jaeger ;Meteorium denticulatum Mitt.;Meteorium denticulatum;;
Papillaria deppei ;(Hornsch. ex Müll. Hal.) A. Jaeger  ;Meteorium deppei (Hornsch. ex Müll. Hal.) Mitt.;Meteorium deppei;;
Papillaria imponderosa ;(Taylor) Broth. ;Toloxis imponderosa (Taylor) W.R. Buck;Toloxis imponderosa;;
Papillaria nigrescens ;(Sw. ex Hedw.) Dozy & Molk. ;Meteorium nigrescens (Hedw.) Mitt.;Meteorium nigrescens;;
Papillaria pseudofunalis ;Müll. Hal.;Toloxis imponderosa (Taylor) W.R. Buck;Toloxis imponderosa;;
Papillaria subsquamatula ;Müll. Hal.;Cryptopapillaria penicillata (Dozy & Molk.) M. Menzel;Cryptopapillaria penicillata;;
Squamidium filiferum; (Müll. Hal.) Broth. ;Squamidium livens (Schwagr) Broth.;Squamidium livens;;
Squamidium rotundifolium ;(Mitt.) Broth. ;Squamidium macrocarpum (Spruce ex Mitt.) Broth.;Squamidium macrocarpum;;
Squamidium subheterocladium ;(Müll. Hal.) Broth. ;Squamidium leucotrichum (Taylor) Broth;Squamidium leucotrichum;;
Zelometeorium recurvifolium; (Hornsch.) Manuel ;Zelometeorium patulum (Hook.) Manuel;Zelometeorium patulum;;
Neckera novae-granadae ;C. Müll ;Neckera chilensis Schimp. ex Mont.;Neckera chilensis;;
Neckera lindigii; Hampe;Neckera scabridens Müll. Hal;Neckera scabridens;;
Neckera undulata ;Hedw.;Neckeropsis undulata (Hedw.) Reichardt;Neckeropsis undulata;;
Porotrichum fasciculatum ;(Sw. ex Hedw.) Mitt.;Thamnobryum fasciculatum (Hedw.) I. Sastre;Thamnobryum fasciculatum;;
Octoblepharum mittenii ;Jaeg.;Octoblepharum cocuiense Mitt.;Octoblepharum cocuiense;;
Amphidium cyathicarpum ;(Mont.) Broth.;Amphidium tortuosum (Hornsch.) Cufod;Amphidium tortuosum;;
Macromitrium mucronifolium ;(Hook. & Grev.) Schwägr.;Groutiella mucronifolia (Hook. & Grev.) H.A. Crum & Steere;Groutiella mucronifolia;;
Macromitrium paucidens; Müll. Hal;Macromitrium guatemalense Müll. Hal.;Macromitrium guatemalense;;
Macromitrium runcinatella ;Müll. Hal.;Macromitrium proliferum Mitt.;Macromitrium proliferum;;
Macromitrium serrulatum ;Mitt.;Macromitrium guatemalense Müll. Hal.;Macromitrium guatemalense;;
Macromitrium wagnerianum ;Müll. Hal.;Groutiella wagneriana (Müll. Hal.) H.A. Crum & Steere;Groutiella wagneriana;;
Zygodon fendleri ;Müll. Hal.;Zygodon reinwardtii (Hornsch.) A. Braun;Zygodon reinwardtii;;
Zygodon gymnus ;Müll. Hal.;Zygodon reinwardtii (Hornsch.) A. Braun;Zygodon reinwardtii;;
Zygodon linguiformis ;Müll. Hal.;Bryomaltaea obtusifolia (Hook.) Goffinet;Bryomaltaea obtusifolia;;
Zygodon moritzianus; Müll. Hal.;Zygodon reinwardtii (Hornsch.) A. Braun;Zygodon reinwardtii;;
Zygodon obtusifolius ;Hook;Bryomaltaea obtusifolia (Hook.) Goffinet;Bryomaltaea obtusifolia;;
Zygodon pungens ;Müll. Hal. ;Codonoblepharon pungens (Müll. Hal.) A. Jaeger;Codonoblepharon pungens;;
Drepanophyllum duidense; RS Williams;Phyllodrepanium falcifolium (Schwägr.) Crosby;Phyllodrepanium falcifolium;;
Actinodontium portoricense ;Crum & Steere;Actinodontium integrifolium (Broth.) S. P: Churchill;Actinodontium integrifolium;;
Hookeriopsis acicularis; (Mitt.) A. Jaeger ;Thamniopsis undata (Hedw.) W. R. Buck;Thamniopsis undata;;
Hookeriopsis crispa ;(C.M.) Jaeg.;Thamniopsis undata (Hedw.) W. R. Buck;Thamniopsis undata;;
Hookeriopsis falcata ;(Hook.) Jaeg.;Trachyxiphium guadalupense (Spreng. ) Buck.;Trachyxiphium guadalupense;;
Hypnella cymbifolia ;(Hampe) Jaeger;Hypnella pallescens (Hook.) A. Jaeger;Hypnella pallescens;;
Lepidopilum purpurascens ;Schimp. ex Besch. ;Lepidopilum scabrisetum (Schwägr.) Steere;Lepidopilum scabrisetum;;
Neohypnella chrysophyllopodia ;(C.M.) Bartram;Hypnella diversifolia (Mitt.) A. Jaeger;Hypnella diversifolia;;
Pilotrichum amazonum ;Mitt.;Pilotrichum evanescens (Müll. Hal.) Crosby;Pilotrichum evanescens;;
Pilotrichum densum ;(Sw. ex Hedw.) Müll. Hal.;Prionodon densus (Hedw.) Müll. Hal.;Prionodon densus;;
Schizomitrium oerstedianum; (Müll. Hal.) H.A. Crum ;Callicostella oerstediana (Müll. Hal.) A. Jaeger;Callicostella oerstediana;;
Plagiothecium standleyi ;E.B. Bartram;Plagiothecium drepanophyllum Renauld;Plagiothecium drepanophyllum;;
Plagiothecium conostegium ;Herzog.;Plagiothecium georgicoantarcticum (Müll. Hal.) Kindb.;Plagiothecium georgicoantarcticum;;
Plagiothecium schraderi; (Müll. Hal.) Kindb.;Plagiothecium novogranatense (Hampe) Mitt.;Plagiothecium novogranatense;;
Plagiothecium planissimum ;(Mitt.) E.B. Bartram ;Taxiphyllum taxirameum (Mitt.) M. Fleisch.;Taxiphyllum taxirameum;;
Catharinea oerstediana ;Müll. Hal.;Atrichum oerstedianum (W. Bartram ex Hedw.) P. Beauv.;Atrichum oerstedianum;;
Pogonatum alpiniforme ;(Cardot) E.B. Bartram ;Polytrichastrum tenellum (Müll. Hal.) G. L. Sm;Polytrichastrum tenellum;;
Pogonatum andinum; (Hampe) Mitt.;Pogonatum campylocarpon (Müll. Hal.) Mitt.;Pogonatum campylocarpon;;
Pogonatum arcuatum; Mitt.;Pogonatum campylocarpon (Müll. Hal.) Mitt.;Pogonatum campylocarpon;;
Pogonatum flexuosum ;(C. Müll) Mitt.;Pogonatum procerum (Lindb.) Schimp.;Pogonatum procerum;;
Pogonatum oligodus ;(Kunz) Mitt.;Pogonatum perichaetiale subsp. oligodus (Kunze ex Müll. Hal.) Hyvönen;Pogonatum perichaetiale subsp. oligodus;;
Pogonatum polycarpum ;Paris;Pogonatum plurisetum (Müll. Hal.) Broth.;Pogonatum plurisetum;;
Polytrichastrum alpiniforme; (Cardot) G.L. Sm. ;Polytrichastrum tenellum (Müll. Hal.) G. L. Sm;Polytrichastrum tenellum;;
Polytrichum antillarum ;Rich. In C. Müll. Syn.;Polytrichum juniperinum var. juniperinum ;Polytrichum juniperinum var. juniperinum;;
Polytrichum ericoides; Hampe;Polytrichadelphus ericoides (Hampe) Mitt.;Polytrichadelphus ericoides;;
Pogonatum andinum ;(Hampe) Mitt.;Pogonatum campylocarpon (Müll. Hal.) Mitt.;Pogonatum campylocarpon;;
Barbula cruegeri ;Sond ex C. Müll;Barbula indica (Hook.) Spreng;Barbula indica;;
Anoectangium incurvans ;(Schimp.) Bartram;Molendoa sendtneriana (Bruch & Schimp.) Limpr.;Molendoa sendtneriana;;
Barbula campylocarpa ;(Taylor) Müll. Hal. ;Didymodon taylorii R. H. Zander;Didymodon taylorii;;
Barbula cruegeri ;Sond.;Barbula indica (Hook.) Spreng;Barbula indica;;
Barbula ecuadoriensis ;Broth;Didymodon australasiae (Hook. & Grev.) R.H. Zander;Didymodon australasiae;;
Barbula inaequalifolia ;Taylor ;Bryoerythrophyllum inaequalifolium (Taylor) R. H. Zander;Bryoerythrophyllum inaequalifolium;;
Barbula inaequalifolia ;Taylor ;Bryoerythrophyllum inaequalifolium (Taylor) R. H. Zander;Bryoerythrophyllum inaequalifolium;;
Barbula indica var. indica ;(Hook.) Spreng;Barbula indica (Hook.) Spreng;Barbula indica;;
Barbula laevigata ;(Mitt.) A. Jaeger ;Didymodon laevigatus (Mitt.) R. H. Zander;Didymodon laevigatus;;
Barbula replicata ;Taylor ;Pseudocrossidium replicatum (Taylor) R. H. Zander;Pseudocrossidium replicatum;;
Barbula spiralis; Schimp. ;Pseudocrossidium replicatum (Taylor) R. H. Zander;Pseudocrossidium replicatum;;
Didymodon diaphanobasis; Cardot ;Didymodon australasiae (Hook. & Grev.) R.H. Zander;Didymodon australasiae;;
Didymodon icmadophila ;(Schimp. ex Müll. Hal.) K. Saito ;Didymodon rigidulus var. icmadophilus (Müll. Hal.) R. H. Zander;Didymodon rigidulus var. icmadophilus;;
Didymodon paramicola; (H. Rob.) O. Werner ;Kingiobryum paramicola H. Rob.;Kingiobryum paramicola;;
Hyophila arborea ;(Mitt.) A. Jaeger ;Trichostomum arboreum (Mitt.) R.H. Zander;Trichostomum arboreum;;
Hyophila microcarpa ;Broth.;Trichostomum sinaloense (E.B. Bartram) R.H. Zander;Trichostomum sinaloense;;
Hyophila tortula ;(Schwägr.) Hampe ;Hyophila involuta (Hook.) A. Jaeger;Hyophila involuta;;
Leptodontium filescens; (Hampe) Mitt. ;Leptodontium viticulosoides var. panamense (Lorentz) R.H. Zander;Leptodontium viticulosoides var. panamense;;
Leptodontium filescens; (Hampe) Mitt. ;Leptodontium flexifolium (Dicks.) Hampe;Leptodontium flexifolium;;
Leptodontium procumbens ;Müll. Hal.;Leptodontium viticulosoides var. panamense (Lorentz) R.H. Zander;Leptodontium viticulosoides var. panamense;;
Leptodontium ulocalyx; (Müll. Hal.) Mitt.;Leptodontium viticulosoides var. panamense (Lorentz) R.H. Zander;Leptodontium viticulosoides var. panamense;;
Leptodontium subgracile ;Renauld & Cardot ;Leptodontium brachyphyllum Broth. & Thér.;Leptodontium brachyphyllum;;
Leptodontium ulocalyx ;(Müll. Hal.) Mitt.;Leptodontium viticulosoides var. panamense (Lorentz) R.H. Zander;Leptodontium viticulosoides var. panamense;;
Morinia ehrenbergiana ;(C. Muell.) Ther.;Mironia ehrenbergiana (Müll. Hal.) Thér.;Mironia ehrenbergiana;;
Neohyophila sprengelii ;(Schwägr.) H.A. Crum ;Plaubelia sprengelii (Schwägr.) R. H. Zander;Plaubelia sprengelii;;
Semibarbula orientalis ;(F. Weber) Wijk & Margad. ;Barbula indica (Hook.) Spreng;Barbula indica;;
Semibarbula orientalis ;(F. Weber) Wijk & Margad. ;Barbula indica (Hook.) Spreng;Barbula indica;;
Tortula andicola ;Mont.;Syntrichia andicola (Mont.) Ochyra;Syntrichia andicola;;
Tortula goudotii ;(Hampe) Mitt. ;Syntrichia andicola (Mont.) Ochyra;Syntrichia andicola;;
Tortula mniifolia ;(Sull.) Mitt. ;Dolotortula mniifolia (Sull.) R. H. Zander;Dolotortula mniifolia;;
Trichostomopsis australasiae ;(Hook. & Grev.) H. Rob. ;Didymodon australasiae (Hook. & Grev.) R.H. Zander;Didymodon australasiae;;
Trichostomopsis umbrosa ;(Müll. Hal.) H. Rob. ;Didymodon umbrosus (Müll. Hal.) R. H. Zander;Didymodon umbrosus;;
Trichostomum cylindricum ;Hedw. ;Trichodon cylindricus (Hedw.) Schimp.;Trichodon cylindricus;;
Trichostomum duidense ;E. B. Bartram ;Trichostomum brachydontium Bruch;Trichostomum brachydontium;;
Trichostomum linealifolium; Müll. Hal.;Weissia jamaicensis (Mitt.) Grout;Weissia jamaicensis;;
Prionodon dichotomus ;Hampe;Prionodon densus (Hedw.) Müll. Hal.;Prionodon densus;;
Prionodon luteovirens ;(Taylor) Mitt. ;Prionodon densus (Hedw.) Müll. Hal.;Prionodon densus;;
Prionodon subgeniculatus ;Müll. Hal.;Prionodon densus (Hedw.) Müll. Hal.;Prionodon densus;;
Pireella fendleri; (Müll. Hal.) Cardot ;Pireella husnotiana (Besch.) Cardot;Pireella husnotiana;;
Orthostichidium guyanense ;(Mont.) Broth. ;Hildebrandtiella guyanensis (Mont.) W. R. Buck;Hildebrandtiella guyanensis;;
Orthostichidium quadrangulare; (Schwägr,) B.H. Allen & Magill;Pilotrichella quadrangularis (Schwägr.) Wijk & Margad.;Pilotrichella quadrangularis;;
Leucodontopsis geniculata ;(Mitt.) Crum & Steere;Henicodium geniculatum (Mitt.) W. R. Buck;Henicodium geniculatum;;
Dicranella venezuelana ;(Dozy & Molk.) W.R. Buck;Campylostelium venezuelanum Dozy & Molk;Campylostelium venezuelanum;;
Rhacocarpus humboldtii; (Hook.) Limdb. ;Rhacocarpus purpurascens (Brid.) Paris;Rhacocarpus purpurascens;;
Rhacocarpus rivularis ;(Müll. Hal.) Paris;Rhacocarpus purpurascens (Brid.) Paris;Rhacocarpus purpurascens;;
Cryptopodium hookeri ;Hampe;Leiomela bartramioides (Hook.) Paris;Leiomela bartramioides;;
Rhizogonium mnioides; (Hook.) Wilson;Pyrrhobryum mnioides (Hook.) Wilson;Pyrrhobryum mnioides;;
Rhizogonium spiniforme ;(Hedw.) Bruch;Pyrrhobryum spiniforme (Hedw.) Mitt.;Pyrrhobryum spiniforme;;
Rigodium gracile ;Ren. & Card.;Rigodium toxarion (Schwägr.) A. Jaeger;Rigodium toxarion;;
Rigodium solutum ;(Taylor) Paris;Rigodium toxarion (Schwägr.) A. Jaeger;Rigodium toxarion;;
Aptychella americana; (Card.) Broth.;Aptychella proligera (Broth.) Herzog;Aptychella proligera;;
Hypopterygium tamariscinum ;(Hedw.) Brid.;Canalohypopterygium tamariscinum (Hedw.) Kruijer;Canalohypopterygium tamariscinum;;
Potamium deceptivum ;Mitt. ;Colobodontium vulpinum (Mont.) S. P. Churchill & W. R. Buck;Colobodontium vulpinum;;
Potamium lonchophyllum ;(Mont.) Mitt.;Sematophyllum lonchophyllum (Mont.) J. Florsch.;Sematophyllum lonchophyllum;;
Potamium pacimoniense ;Spruce ex Mitt. ;Sematophyllum pacimoniense (Mitt.) J. Florsch.;Sematophyllum pacimoniense;;
Potamium vulpinum ;(Mont.) Mitt. ;Colobodontium vulpinum (Mont.) S. P. Churchill & W. R. Buck;Colobodontium vulpinum;;
Pterogonidium casiquiariense ;(Spruce ex Mitt.) Broth.;Pterogonidium pulchellum (Hook.) Müll. Hal.;Pterogonidium pulchellum;;
Rhaphidorrhynchium cyparissoides; (Hornsch.) Broth.;Sematophyllum cyparissoides (Hornsch.) R.S. Williams;Sematophyllum cyparissoides;;
Rhaphidorrhynchium decumbens ;(Mitt.) Broth. ;Sematophyllum decumbens Mitt.;Sematophyllum decumbens;;
Rhaphidorrhynchium decurvifolium ;(Mitt.) Broth. ;Sematophyllum decumbens Mitt.;Sematophyllum decumbens;;
Rhaphidorrhynchium erythropodium ;(Mitt.) Broth. ;Sematophyllum erythropodium Mitt.;Sematophyllum erythropodium;;
Rhaphidorrhynchium glaziovii; (Hampe) Broth. ;Trichosteleum glaziovii (Hampe) W.R. Buck;Trichosteleum glaziovii;;
Rhaphidorrhynchium subscabrum; (Müll. Hal.) Broth. ;Sematophyllum subscabrum (Müll. Hal.) Mitt.;Sematophyllum subscabrum;;
Rhaphidostegium glaziovii ;(Hampe) A. Jaeger ;Trichosteleum glaziovii (Hampe) W.R. Buck;Trichosteleum glaziovii;;
Rhaphidostegium sanguisetum ;(Müll. Hal.) Paris ;Rhaphidorrhynchium sanguisetum (Müll. Hal.) Broth.;Rhaphidorrhynchium sanguisetum;;
Rhaphidostegium trichostegum ;(Müll. Hal.) Paris ;Rhaphidorrhynchium trichostegum (Müll. Hal.) Broth.;Rhaphidorrhynchium trichostegum;;
Rhynchostegium beskeanum ;(C. Müll) Jaeg.;Steerecleus beskeanus (Müll. Hal.) H. Rob.;Steerecleus beskeanus;;
Sematophyllum admixtum ;(Sull.) Mitt. ;Sematophyllum adnatum (Michx) E. Britton;Sematophyllum adnatum;;
Sematophyllum amoenum ;(Hedw.) Mitt. ;Rhaphidorrhynchium amoenum (Hedw.) M. Fleisch.;Rhaphidorrhynchium amoenum;;
Sematophyllum caespitosum ;Mitt.;Sematophyllum subpinnatum (Brid.) Britt.;Sematophyllum subpinnatum;;
Sematophyllum cochleatum ;(Broth.) Broth. ;Sematophyllum lithophilum (Hornsch.) Ångström;Sematophyllum lithophilum;;
Sematophyllum constrictum ;Mitt.;Sematophyllum adnatum (Michx) E. Britton;Sematophyllum adnatum;;
Sematophyllum esmeraldicum ;(Müll. Hal.) Broth.;Acroporium esmeraldicum (Müll. Hal.) W. R. Buck;Acroporium esmeraldicum;;
Sematophyllum decurvifolium; Mitt.;Rhaphidorrhynchium decurvifolium (Mitt.) Broth.;Rhaphidorrhynchium decurvifolium;;
Sematophyllum loxense var. lithophilum ;(Hornsch.) Lindb.;Sematophyllum lithophilum (Hornsch.) Ångström;Sematophyllum lithophilum;;
Sematophyllum glaziovii ;(Hampe) O. Yano ;Trichosteleum glaziovii (Hampe) W.R. Buck;Trichosteleum glaziovii;;
Sematophyllum napoanum; (De Not.) Steere ;Hypnum napoanum De Not.;Hypnum napoanum;;
Sematophyllum oblique-rostratum; Mitt. ;Sematophyllum swartzii (Schwägr.) Welch & H.A. Crum;Sematophyllum swartzii;;
Sematophyllum pungens; (Hedw.) Mitt.;Acroporium pungens (Hedw.) Broth.;Acroporium pungens;;
Sematophyllum schlimii ;(Müll. Hal.) Mitt.;Trichosteleum schlimii (Müll. Hal.) R. S. Williams;Trichosteleum schlimii;;
Schraderella pungens ;Müll. Hal. ;Clastobryum pungens (Müll. Hal.) Tixier;Clastobryum pungens;;
Trichosteleum microcarpum ;(Mitt.) Broth.;Trichosteleum vincentinum (Mitt.) A. Jaeger;Trichosteleum vincentinum;;
Trichosteleum cyparissoides ;(Hornsch.) H. Rob;Sematophyllum cyparissoides (Hornsch.) R.S. Williams;Sematophyllum cyparissoides;;
Trichosteleum ambiguum ;(Schwägr.) Paris;Rhynchostegium ambiguum (Schwägr.) W.R. Buck;Rhynchostegium ambiguum;;
Sphagnum capillaceum ;(Weiss) Schrank;Sphagnum capillifolium (Ehrh.) Hedw.;Sphagnum capillifolium;;
Sphagnum rubellum ;Wilson;Sphagnum capillifolium var. tenellum (Schimp) H. A. Crum;Sphagnum capillifolium var. tenellum;;
Sphagnum capillaceum var. tenellum ;Andrews (Schimp.) ;Sphagnum capillifolium var. tenerum (Sull. & Lesq. ex Sull.) H. A. Crum;Sphagnum capillifolium var. tenerum;;
Sphagnum coryphaeum ;Warnst. ;Sphagnum meridense (Hampe) Müll. Hal.;Sphagnum meridense;;
Sphagnum derrumbense ;Warnst. ;Sphagnum perichaetiale Hampe;Sphagnum perichaetiale;;
Sphagnum erythrocalyx ;Hampe;Sphagnum perichaetiale Hampe;Sphagnum perichaetiale;;
Sphagnum flavicaule ;Warnst. ;Sphagnum meridense (Hampe) Müll. Hal.;Sphagnum meridense;;
Tayloria jamesonii ;(Taylor) Müll. Hal. ;Brachymitrion jamesonii Taylor;Brachymitrion jamesonii;;
Tayloria moritziana; Müll. Hall.;Brachymitrion moritzianum (Müll. Hal.) A.K. Kop.;Brachymitrion moritzianum;;
Tayloria moritziana var. Carbonaria; Müll. Hal.;Brachymitrion moritzianum (Müll. Hal.) A.K. Kop.;Brachymitrion moritzianum;;
Splachnum turbinatum ;Brid.;Mielichhoferia megalocarpum (Arn.) Mitt.;Mielichhoferia megalocarpum;;
Haplodontium cuspidatum ;Herzog ;Mielichhoferia cuspidata (Herzog) A. J. Shaw & H. A. Crum;Mielichhoferia cuspidata;;
Pilosium  flaccisetum ;Müll. Hal. ;Pilosium chlorophyllum (Hornsch.) C. Müller;Pilosium chlorophyllum;;
Stereophyllum cultelliforme; (Sull.) Mitt. ;Eulacophyllum cultelliforme (Sullivant) Buck & Ireland;Eulacophyllum cultelliforme;;
Stereophyllum leucostegum; (Brid.) Mitt.;Entodontopsis leucostega (Brid.) W.R. Buck & Ireland;Entodontopsis leucostega;;
Stereophyllum obtusum ;Mitt.;Entodontopsis nitens (Mitt.) W.R. Buck & R.R. Ireland;Entodontopsis nitens;;
Stereophyllum papilliferum ;Mitt.;Entodontopsis leucostega (Brid.) W.R. Buck & Ireland;Entodontopsis leucostega;;
Homalia defoliata ;(Müll. Hal.) A. Jaeger;Homalia glabella (Hedw.) Schimp.;Homalia glabella;;
Homaliodendron mohrianum ;(Müll. Hal.) M. Fleisch. ;Homaliodendron flabellatum (Sm.) M. Fleisch.;Homaliodendron flabellatum;;
Pinnatella piniformis ;(Brid.) M. Fleisch. ;Homaliodendron piniforme (Brid.) Enroth;Homaliodendron piniforme;;
Porothamnium expansum ;(Taylor) M. Fleisch. ;Porotrichum expansum (Taylor) Mitt.;Porotrichum expansum;;
Porothamnium fasciculatum ;(Hedw.) Fleisch.;Thamnobryum fasciculatum (Hedw.) I. Sastre;Thamnobryum fasciculatum;;
Porothamnium filiferum; (Mitt.) M Fleisch. ;Porotrichum filiferum Mitt.;Porotrichum filiferum;;
Porothamnium plicatulum ;Mitt. ;Porotrichum substriatum (Hampe) Mitt.;Porotrichum substriatum;;
Porotrichum cobanense  ;C. Müll;Porotrichum korthalsianum (Dozy & Molk.) Mitt.;Porotrichum korthalsianum;;
Porotrichum cobanense ;Müll. Hal;Porotrichum korthalsianum (Dozy & Molk.) Mitt.;Porotrichum korthalsianum;;
Porothamnium decompositum; (Brid.) M. Fleisch.;Homaliodendron flabellatum (Sm.) M. Fleisch.;Homaliodendron flabellatum;;
Porotrichum decompositum  ;(Brid.) Mitt. ;Homaliodendron flabellatum (Sm.) M. Fleisch.;Homaliodendron flabellatum;;
Porotrichum fasciculatum ;(Sw.) Mitt. ;Thamnobryum fasciculatum (Hedw.) I. Sastre;Thamnobryum fasciculatum;;
Porotrichum lindigii; (Hampe) Mitt. ;Porotrichodendron lindigii (Hampe) W. R. Buck;Porotrichodendron lindigii;;
Porotrichum flagelliferum ;(Hampe) Mitt. ;Porotrichum mutabile Hampe;Porotrichum mutabile;;
Porotrichum neckeraeforme; (Hampe) Mitt. ;Porotrichum lancifrons (Hampe) Mitt.;Porotrichum lancifrons;;
Porotrichum piniforme; (Brid.) Mitt.;Homaliodendron piniforme (Brid.) Enroth;Homaliodendron piniforme;;
Porotrichum superbum ;(Taylor) Hampe;Porotrichodendron superbum (Taylor) Broth.;Porotrichodendron superbum;;
Thamnium subseriatum ;Hook. (Mitt.) ;Porotrichum substriatum (Hampe) Mitt.;Porotrichum substriatum;;
Cyrto-hypnum ciliatum ;(Mitt.) S. P. Churchill & E. Linares C. ;Pelekium ciliatum (Mitt.) Touw;Pelekium ciliatum;;
Cyrto-hypnum minutulum ;(Hedw.) W.R. Buck & H.A. Crum ;Pelekium minutulum (Hedw.) Touw;Pelekium minutulum;;
Rauia firmula ;(Müll. Hal.) Broth ;Rauiella praelonga (Schimp. ex Besch.) Wijk et Margad.;Rauiella praelonga;;
Rauiella firmula; (Müll. Hal.) Wijk & Margad.;Rauiella praelonga (Schimp. ex Besch.) Wijk et Margad.;Rauiella praelonga;;
Rauiella subcatenulata ;(Schimp. Ex Besch.) Wijk & Margad.;Rauiella lagoensis (Hampe) W.R. Buck;Rauiella lagoensis;;
Thuidium acuminatum; Mitt. ;Thuidium urceolatum Lorente;Thuidium urceolatum;;
Thuidium antillarum ;Besch. ;Thuidium tomentosum Schimp & Besch;Thuidium tomentosum;;
Thuidium erectum; Duby ;Thuidium delicatulum (Hedw.) Schimp.;Thuidium delicatulum;;
Thuidium firmulum; Müll. Hal;Rauiella praelonga (Schimp. ex Besch.) Wijk et Margad.;Rauiella praelonga;;
Thuidium frontinoae; (Müll. Hal.) A. Jaeger ;Cyrto-hypnum frontinoae (Müll Hall.) S. P. Churchill & E. Linares C.;Cyrto-hypnum frontinoae;;
Thuidium furfurosum ;(Hook. f. & Wilson) Reichardt ;Pelekium gratum (P. Beauv.) Touw;Pelekium gratum;;
Thuidium involvens ;(Hedw.) Mitt. ;Pelekium involvens (Hedw.) Touw;Pelekium involvens;;
Cyrtohypnum involvens; (Hedw.) W. R. Buck & H. A. Crum ;Pelekium involvens (Hedw.) Touw;Pelekium involvens;;
Thuidium minutulum ;(Hedw.) B.S.G.;Pelekium minutulum (Hedw.) Touw;Pelekium minutulum;;
Thuidium muricatulum ;(Hampe) Jaeg.;Pelekium muricatulum (Hampe) Touw;Pelekium muricatulum;;
Thuidium pauperum ;(G. Müll.) Mitt. ;Pelekium minutulum (Hedw.) Touw;Pelekium minutulum;;
Thuidium pusillum ;Mitt.;Pelekium muricatulum (Hampe) Touw;Pelekium muricatulum;;
Thuidium scabrosulum ;Mitt. ;Pelekium scabrosulum (Mitt.) Touw;Pelekium scabrosulum;;
Thuidium siphotheca; (Müll. Hal.) A. Jaeger;Pelekium siphotheca (Müll. Hal.) Touw;Pelekium siphotheca;;
Entodon squarrosus ;(Hampe) Mitt. ;Erythrodontium squarrosum (Hampe) Par.;Erythrodontium squarrosum;;
Erythrodontium brasiliense ;(Hampe) Paris;Erythrodontium longisetum (Hook.) Par.;Erythrodontium longisetum;;
Erythrodontium cylindricaule ;(Müll. Hal.) Müll. Hal. ;Erythrodontium longisetum (Hook.) Par.;Erythrodontium longisetum;;
Erythrodontium pallidissimum ;(Müll. Hal.) Paris;Platygyriella densa (Hook.) W. R: Buck;Platygyriella densa;;
Ceratodon stenocarpus ;Bruch & Schimp. Ex C. Müll;Ceratodon purpureus subsp. stenocarpus (Bruch & Schimp.) Dixon;Ceratodon purpureus subsp. stenocarpus;;
Ceratodon venezuelensis ;C. Müll;Ceratodon purpureus subsp. stenocarpus (Bruch & Schimp.) Dixon;Ceratodon purpureus subsp. stenocarpus;;
